,endividamento_total,cobertura_juros,ROA,ROE,margem_ebitda
endividamento_total,1.0,-0.4216791622293642,0.07246788224138231,0.13110401523760154,-0.08552228043879043
cobertura_juros,-0.4216791622293642,1.0,0.1833491177152757,0.15561219295265935,-0.060695303800699756
ROA,0.07246788224138231,0.1833491177152757,1.0,0.9777747087975381,0.6210101654403791
ROE,0.13110401523760154,0.15561219295265935,0.9777747087975381,1.0,0.42093840477034766
margem_ebitda,-0.08552228043879043,-0.060695303800699756,0.6210101654403791,0.42093840477034766,1.0
