offset,retorno_anormal
-3,-0.13031056857942552
-2,0.22154641435615297
-1,0.333278580890521
0,0.06024047847323267
1,0.03862602709395164
2,-0.10584777363138277
3,-0.24069314563020314
